customer_type,total_revenue,revenue_percentage,transaction_count,average_transaction
Walk-in,65039.06,35.69978266400305,243,267.6504526748971
Fleet,61107.159999999996,33.54157226771821,208,293.7844230769231
Regular,56037.13,30.758645068278746,228,245.77688596491228
