location,total_revenue,revenue_percentage,transaction_count,average_transaction
Downtown,93372.56,51.2519722576185,338,276.2501775147929
Suburb,88810.79,48.74802774238151,341,260.44219941348973
